0,7791519704253,1222,PROFI PRIME EXHIBIDOR MIX 12X3 + GEL-4253,BUHL S.A.
174,7791519200028,1222,PROFI PRIME 24X3 ANATOMICO-0028,BUHL S.A.
133,7791519200076,1222,PROFI PRIME 24X3 ESPERMICIDA-0076,BUHL S.A.
124,7791519000673,1222,PROFI PRIME 24X3 EXT LUBRICADO-0673,BUHL S.A.
0,7791519200045,1222,PROFI PRIME 24X3 SUPER FINO,BUHL S.A.
133,7791519200097,1222,PROFI PRIME 24X3 TACHAS-0097,BUHL S.A.
82,7791519200066,1222,PROFI PRIME 24X3 TEXTURADO-0066,BUHL S.A.
0,7791519701068,1222,PROFI PRIME 24X3 ULTRA FINO -1068,BUHL S.A.
0,7791519701853,1222,PROFI PRIME 24X3 WARMING,BUHL S.A.
81,7791519701037,1222,PROFI PRIME 24X3 MEGA-1037,BUHL S.A.
66,075486020286,1222,HAWAIIAN T LOC BRONC F4 X240 -0286,BUHL S.A.
0,75486033187,1222,HAWAIIAN T CARROT BRON F10 X240 -187,BUHL S.A.
0,75486030278,1222,HAWAIIAN T COOL ALOE GEL X240 -0278,BUHL S.A.
357,75486030568,1222,HAWAIIAN T ACEITE BRONC F4 X240 -0568,BUHL S.A.
0,75486021689,1222,HAWAIIAN T SHEER T.BLOQ SPF30 PLUS X240 -689,BUHL S.A.
202,75486031565,1222,HAWAIIAN T ACEITE BRON F15 X240 -565,BUHL S.A.
0,75486033286,1222,HAWAIIAN T COOL ALOE ICE X240 -3286,BUHL S.A.
0,2000000055374,1222,PROFI PRIME 24X3 RETARDANTE,BUHL S.A.
276,7791519702099,1222,PROFI PRIME 12X3 SKYN,BUHL S.A.
531,75486021641,1222,HAWAIIAN T FOR EXP BLOQ SOLAR F30 X120 -1641,BUHL S.A.
0,75486087999,1222,HAWAIIAN TROPIC ACEITE SPRAY X180ML-7999 -7999,BUHL S.A.
0,75486088163,1222,HAWAIIAN T FAC LOC P/SOL P/CARA F50 X60 -8163,BUHL S.A.
0,7791519000072,1222,PROFI PRIME X12 SUPER FINO-0072,BUHL S.A.
0,7791519700699,1222,PROFI PRIME X12 EXTRA LUBRICADO-0699,BUHL S.A.
0,7791519000096,1222,PROFI PRIME X12 TEXTURADO-0096,BUHL S.A.
0,7791519000102,1222,PROFI PRIME X12 ESPERMICIDA -0102,BUHL S.A.
0,7791519700637,1222,PROFI PRIME X12 TACHAS -0637,BUHL S.A.
0,7791519701085,1222,PROFI PRIME X12 ULTRAFINO -1085,BUHL S.A.
0,7791519701870,1222,PROFI PRIME X12 WARMING HOT PLEASURE -1870,BUHL S.A.
0,75486088637,1222,HAWAIIAN T S/TOUCH LOC PROT F50+240,BUHL S.A.
0,75486088705,1222,HAWAIIAN T CARROT LOC X240 ZANAH F30,BUHL S.A.
0,7791519001253,1222,PRIME TOUCH GEL SENSUAL/MASAJES X200,BUHL S.A.
0,75486088507,1222,HAWAIIAN TROP LAB F30 ORIGINAL-8507,BUHL S.A.
60,1779151970211,1222,PROFI PRIME 24X3 RETARDANTE-0211,BUHL S.A.
0,7791519000321,1222,PROFI PRIME 24X3 MIXTA-0321,BUHL S.A.
0,7791519701061,1222,PROFI PRIME 24X3 U. FINO-1061,BUHL S.A.
0,2000519200097,1222,PROFI PRIME 24X3 TACHAS +2 DAIQUIRI DE REGALO,BUHL S.A.
93,7791519001420,1222,PRIME GEL SENSUAL X50G NATURAL-1420,BUHL S.A.
0,7791519001468,1222,PRIME GEL SENSUAL X50G HOT PLEASURE-1468,BUHL S.A.
0,7791519001444,1222,PRIME GEL SENSUAL X50G EXCITE -1444,BUHL S.A.
0,7791519001413,1222,PRIME GEL SENSUAL X22 G NATURAL-1413,BUHL S.A.
147,7791519001451,1222,PRIME GEL SENSUAL X22 G HOT PLEASURE-1451,BUHL S.A.
64,7791519001437,1222,PRIME GEL SENSUAL X22 G EXCITE-1437,BUHL S.A.
0,7791519200049,1222,PROFI PRIME 48X3 SUPERFINO -0049,BUHL S.A.
0,7791519702129,1222,PROFI PRIME X12 RETARDANTE-2139,BUHL S.A.
0,75486090272,1222,HAWAIIAN T LOC PROT FPS15 GOLDEN X200-0272,BUHL S.A.
0,75486089160,1222,HAWAIIAN T LOC SOLAR SPF30 FACIAL -9160,BUHL S.A.
0,075486090265,1222,HAWAIIAN T GOLDEN COLOR FPS6 X200-0265,BUHL S.A.
0,75486089733,1222,HAWAIIAN T LOC SENS.SKYN F50 X90-9733,BUHL S.A.
0,075486088835,1222,HAWAIIAN T SILK LOC FPS50 X180ML-8835,BUHL S.A.
0,75486089580,1222,HAWAIIAN T SILK SPRAY FPS50 X180ML-9580,BUHL S.A.
36,75486089757,1222,HAWAIIAN T KIDS FPS50 LOC. X240ML-9757,BUHL S.A.
20,75486090289,1222,HAWAIIAN T ISLAND SPORT FPS50 X240ML-0289,BUHL S.A.
0,75486088255,1222,HAWAIIAN T BABY LOC FPS80 X240ML-8255,BUHL S.A.
2,7791519001335,1222,PROFI PRIME 24X3 TURBO-1335,BUHL S.A.
0,7791519001345,1222,PROFI PRIME X12 TURBO-1345,BUHL S.A.
0,7791519003061,1222,PRIME KIT DE JUEGOS FANTSY MIXTO X6-3061,BUHL S.A.
0,7791519002830,1222,PRIME KIT DE JUEGO FANTASY 1-2830,BUHL S.A.
0,7791519002847,1222,PRIME KIT DE JUEGO FANTASY 2-2847,BUHL S.A.
0,7791519002854,1222,PRIME KIT DE JUEGO FANTASY 3-2854,BUHL S.A.
0,7791519002861,1222,PRIME KIT DE JUEGO FANTASY 4-2861,BUHL S.A.
0,7791519002878,1222,PRIME KIT DE JUEGO FANTASY 5-2878,BUHL S.A.
0,7791519002885,1222,PRIME KIT DE JUEGO FANTASY 6-2885,BUHL S.A.
0,75486088620,1222,HAWAIIAN T SHEER TOUCH FPS50 X120 -8620,BUHL S.A.
0,75486090487,1222,HAWAIIAN T SILK AIR SOFT FPS50 X150 -0487,BUHL S.A.
0,75486089597,1222,HAWAIIAN T SILK DESPUES DEL SOL X180,BUHL S.A.
272,7791519000314,1222,PROFI PRIME 12X3 MIXTA-0314,BUHL S.A.
235,7791519200042,1222,PROFI PRIME 24X3 SUPER FINO-0042,BUHL S.A.
0,79656529289,1222,BANANA B KIDS LOC SPF50 X180ML -9289,BUHL S.A.
0,79656529296,1222,BANANA B KIDS SPRAY SPF50 X170ML -9296,BUHL S.A.
0,79656525243,1222,BANANA BOAT SPRAY X170 ADV. PROTECT FPS50,BUHL S.A.
0,79656511161,1222,BANANA BOAT X180 LOC ADV. PROTECT FPS50,BUHL S.A.
0,79656511192,1222,BANANA BOAT SPRAY X170 DRY B. SPORT FPS50+,BUHL S.A.
0,79656525250,1222,BANANA BOAT X180 LOC DRY B. SPORT FPS50+,BUHL S.A.
0,75486091286,1222,HAWAIIAN T SILK AIRSOFT FACIAL FPS30 X50,BUHL S.A.
0,75486091552,1222,HAWAIIAN T SILK AIR SOFT LOC X180 -1552,BUHL S.A.
0,75486091811,1222,HAWAIIAN T SHEER T. BB CREAM FPS30 X150,BUHL S.A.
0,75486091576,1222,HAWAIIAN T ARGAN OIL AER FPS15 X170 -1576,BUHL S.A.
101,7791519001977,1222,PROFI PRIME 24X3 STRONGER-1977,BUHL S.A.
0,75486091583,1222,HAWAIIAN T ARGAN OIL AER FPS6 X170 -1583,BUHL S.A.
0,75486091736,1222,HAWAIIAN T OZONO LOC FPS50+ X180  -1736,BUHL S.A.
0,75486089191,1222,HAWAIIAN T OZONO SPRAY FPS50+ X180 -9191,BUHL S.A.
0,75486091644,1222,HAWAIIAN T ISLAND SPORT AER FPS50 X170,BUHL S.A.
0,7791519700682,1222,PROFI PRIME X6 EXTRA LUBRICADO-0682,BUHL S.A.
289,7791519702775,1222,PROFI PRIME 12X3 SKYN ELITE-2775,BUHL S.A.
41,7791519702799,1222,PROFI PRIME 12X3 SKYN E. LUBRICADO-2799,BUHL S.A.
327,7791519702782,1222,PROFI PRIME 12X3 SKYN TEXTURADO-2782,BUHL S.A.
0,7791519702365,1222,SHARK ENCENDEDORES CLASICOS X25 -2365,BUHL S.A.
0,7791519702751,1222,PROFI PRIME 12X3 ZERO -2751,BUHL S.A.
89,75486089184,1222,HAWAIIAN T LOC/PROT BABY F50 X240 -9184,BUHL S.A.
0,79656526172,1222,BANANA B AQUA SPORT LOC FPS50 X236ML-6172,BUHL S.A.
0,79656133530,1222,BANANA B GENTLE LOC P/SOL FPS50 X180ML-3530,BUHL S.A.
76,79656120530,1222,BANANA B SPRAY P/SOLAR FPS15 X170G-0530,BUHL S.A.
308,79656133547,1222,BANANA B GENTLE PROT/FAC SPF50 X60ML-3547,BUHL S.A.
0,7790299003532,1222,ZONO CRE PROT. SOLAR X200G FPS30 -3532,BUHL S.A.
0,7790299003501,1222,ZONO CRE PROT. SOLAR X120G FPS15 -3501,BUHL S.A.
0,7790299003518,1222,ZONO CRE PROT. SOLAR X200G FPS15 -3518,BUHL S.A.
1,7790299003556,1222,ZONO CRE PROTECTOR SOLAR X200G FPS50,BUHL S.A.
0,7791519002649,1222,ENCENDEDOR CLASICO SHARK X1,BUHL S.A.
0,7805500004823,1222,LOCTITE SUPER BONDER ADHESIVO 12X 2G-4823,BUHL S.A.
